{"theta0": 0.9393189294496578, "theta1": -1.0035757423967857, "km_min": 22899.0, "km_max": 240000.0, "price_min": 3650.0, "price_max": 8290.0}